client_id,age,job,marital,education,credit_default,mortgage,month,day,contact_duration,number_contacts,previous_campaign_contacts,previous_outcome,cons_price_idx,euribor_three_months,campaign_outcome,date_column
75,41.0,blue-collar,divorced,basic.4y,unknown,yes,may,20.0,1575.0,1.0,0.0,nonexistent,93.994,4.857,yes,2024-05-20
83,49.0,entrepreneur,married,university.degree,unknown,yes,may,6.0,1042.0,1.0,0.0,nonexistent,93.994,4.857,yes,2024-05-06
88,49.0,technician,married,basic.9y,no,no,may,19.0,1467.0,1.0,0.0,nonexistent,93.994,4.857,yes,2024-05-19
129,41.0,technician,married,professional.course,unknown,yes,may,12.0,579.0,1.0,0.0,nonexistent,93.994,4.857,yes,2024-05-12
139,45.0,blue-collar,married,basic.9y,unknown,yes,may,27.0,461.0,1.0,0.0,nonexistent,93.994,4.857,yes,2024-05-27
182,42.0,blue-collar,married,basic.9y,no,yes,may,20.0,673.0,2.0,0.0,nonexistent,93.994,4.857,yes,2024-05-20
286,39.0,housemaid,married,basic.9y,no,yes,may,31.0,935.0,3.0,0.0,nonexistent,93.994,4.857,yes,2024-05-31
388,28.0,unknown,single,unknown,unknown,yes,may,2.0,1201.0,1.0,0.0,nonexistent,93.994,4.857,yes,2024-05-02
389,44.0,services,married,high.school,no,yes,may,10.0,1030.0,1.0,0.0,nonexistent,93.994,4.857,yes,2024-05-10
446,42.0,technician,married,professional.course,no,no,may,29.0,1623.0,1.0,0.0,nonexistent,93.994,4.857,yes,2024-05-29
469,42.0,management,married,university.degree,no,no,may,18.0,1677.0,1.0,0.0,nonexistent,93.994,4.857,yes,2024-05-18
504,39.0,services,married,high.school,unknown,yes,may,31.0,918.0,1.0,0.0,nonexistent,93.994,4.857,yes,2024-05-31
556,42.0,blue-collar,married,high.school,no,no,may,2.0,1297.0,3.0,0.0,nonexistent,93.994,4.857,yes,2024-05-02
681,45.0,housemaid,married,professional.course,unknown,yes,may,24.0,1597.0,2.0,0.0,nonexistent,93.994,4.857,yes,2024-05-24
820,31.0,admin.,single,university.degree,no,no,may,6.0,992.0,1.0,0.0,nonexistent,93.994,4.856,yes,2024-05-06
832,28.0,student,single,basic.9y,unknown,yes,may,9.0,732.0,2.0,0.0,nonexistent,93.994,4.856,yes,2024-05-09
856,41.0,entrepreneur,married,university.degree,no,yes,may,19.0,1138.0,1.0,0.0,nonexistent,93.994,4.856,yes,2024-05-19
870,37.0,blue-collar,single,basic.9y,unknown,yes,may,18.0,591.0,1.0,0.0,nonexistent,93.994,4.856,yes,2024-05-18
876,44.0,blue-collar,married,basic.4y,no,yes,may,11.0,786.0,1.0,0.0,nonexistent,93.994,4.856,yes,2024-05-11
1078,44.0,entrepreneur,married,basic.4y,unknown,no,may,1.0,1574.0,2.0,0.0,nonexistent,93.994,4.856,yes,2024-05-01
1114,54.0,admin.,divorced,university.degree,no,no,may,10.0,1689.0,4.0,0.0,nonexistent,93.994,4.856,yes,2024-05-10
1166,42.0,services,married,professional.course,no,yes,may,13.0,813.0,1.0,0.0,nonexistent,93.994,4.855,yes,2024-05-13
1189,46.0,blue-collar,single,basic.9y,no,yes,may,26.0,541.0,3.0,0.0,nonexistent,93.994,4.855,yes,2024-05-26
1233,32.0,blue-collar,married,professional.course,no,no,may,1.0,1119.0,1.0,0.0,nonexistent,93.994,4.855,yes,2024-05-01
1256,43.0,technician,single,university.degree,no,yes,may,31.0,1120.0,2.0,0.0,nonexistent,93.994,4.855,yes,2024-05-31
1319,54.0,admin.,married,university.degree,no,no,may,9.0,513.0,1.0,0.0,nonexistent,93.994,4.855,yes,2024-05-09
1348,50.0,technician,married,high.school,no,yes,may,12.0,756.0,1.0,0.0,nonexistent,93.994,4.855,yes,2024-05-12
1396,31.0,services,married,basic.6y,no,no,may,14.0,2087.0,2.0,0.0,nonexistent,93.994,4.855,yes,2024-05-14
1442,51.0,blue-collar,married,basic.9y,unknown,yes,may,8.0,1178.0,2.0,0.0,nonexistent,93.994,4.855,yes,2024-05-08
1444,31.0,entrepreneur,divorced,high.school,no,yes,may,31.0,1120.0,2.0,0.0,nonexistent,93.994,4.855,yes,2024-05-31
1501,41.0,services,divorced,high.school,no,yes,may,26.0,985.0,2.0,0.0,nonexistent,93.994,4.855,yes,2024-05-26
1608,32.0,unknown,unknown,university.degree,no,no,may,10.0,617.0,4.0,0.0,nonexistent,93.994,4.855,yes,2024-05-10
1613,33.0,services,married,high.school,unknown,no,may,26.0,483.0,3.0,0.0,nonexistent,93.994,4.855,yes,2024-05-26
1632,38.0,management,married,basic.9y,unknown,no,may,20.0,772.0,1.0,0.0,nonexistent,93.994,4.855,yes,2024-05-20
1636,60.0,housemaid,married,high.school,unknown,no,may,28.0,929.0,3.0,0.0,nonexistent,93.994,4.855,yes,2024-05-28
1655,35.0,blue-collar,married,professional.course,no,yes,may,14.0,710.0,1.0,0.0,nonexistent,93.994,4.855,yes,2024-05-14
1691,33.0,blue-collar,married,basic.6y,unknown,yes,may,17.0,1132.0,2.0,0.0,nonexistent,93.994,4.855,yes,2024-05-17
1725,51.0,blue-collar,married,basic.9y,no,no,may,7.0,653.0,1.0,0.0,nonexistent,93.994,4.855,yes,2024-05-07
1763,24.0,services,single,high.school,no,yes,may,1.0,654.0,1.0,0.0,nonexistent,93.994,4.855,yes,2024-05-01
1791,32.0,admin.,married,university.degree,no,no,may,21.0,1692.0,2.0,0.0,nonexistent,93.994,4.855,yes,2024-05-21
1809,43.0,admin.,married,university.degree,unknown,yes,may,1.0,2016.0,2.0,0.0,nonexistent,93.994,4.855,yes,2024-05-01
1819,44.0,blue-collar,single,basic.6y,unknown,yes,may,23.0,665.0,2.0,0.0,nonexistent,93.994,4.855,yes,2024-05-23
2002,59.0,management,married,university.degree,no,no,may,30.0,460.0,5.0,0.0,nonexistent,93.994,4.857,yes,2024-05-30
2039,24.0,services,single,high.school,no,no,may,10.0,757.0,2.0,0.0,nonexistent,93.994,4.857,yes,2024-05-10
2064,39.0,admin.,married,university.degree,no,no,may,14.0,744.0,6.0,0.0,nonexistent,93.994,4.857,yes,2024-05-14
2104,41.0,admin.,single,unknown,no,yes,may,8.0,1111.0,3.0,0.0,nonexistent,93.994,4.857,yes,2024-05-08
2257,39.0,blue-collar,married,basic.9y,unknown,no,may,5.0,504.0,4.0,0.0,nonexistent,93.994,4.856,yes,2024-05-05
2275,32.0,admin.,single,university.degree,unknown,no,may,15.0,1346.0,1.0,0.0,nonexistent,93.994,4.856,yes,2024-05-15
2305,33.0,management,married,basic.4y,no,yes,may,1.0,568.0,4.0,0.0,nonexistent,93.994,4.856,yes,2024-05-01
2315,38.0,management,married,basic.9y,no,yes,may,21.0,1000.0,1.0,0.0,nonexistent,93.994,4.856,yes,2024-05-21
2316,35.0,admin.,single,high.school,no,yes,may,31.0,618.0,1.0,0.0,nonexistent,93.994,4.856,yes,2024-05-31
2330,38.0,blue-collar,single,basic.9y,no,yes,may,25.0,2231.0,1.0,0.0,nonexistent,93.994,4.856,yes,2024-05-25
2406,38.0,blue-collar,single,university.degree,unknown,yes,may,9.0,395.0,2.0,0.0,nonexistent,93.994,4.856,yes,2024-05-09
2417,38.0,technician,single,university.degree,no,no,may,24.0,1015.0,1.0,0.0,nonexistent,93.994,4.856,yes,2024-05-24
2421,30.0,technician,married,university.degree,no,yes,may,12.0,683.0,2.0,0.0,nonexistent,93.994,4.856,yes,2024-05-12
2424,51.0,admin.,single,basic.6y,no,no,may,15.0,470.0,1.0,0.0,nonexistent,93.994,4.856,yes,2024-05-15
2444,31.0,services,married,basic.6y,unknown,no,may,16.0,1001.0,4.0,0.0,nonexistent,93.994,4.856,yes,2024-05-16
2449,45.0,technician,married,university.degree,no,yes,may,27.0,845.0,1.0,0.0,nonexistent,93.994,4.856,yes,2024-05-27
2473,36.0,admin.,married,high.school,no,no,may,10.0,753.0,6.0,0.0,nonexistent,93.994,4.856,yes,2024-05-10
2635,31.0,services,married,basic.9y,no,no,may,22.0,945.0,2.0,0.0,nonexistent,93.994,4.856,yes,2024-05-22
2645,45.0,entrepreneur,married,university.degree,no,yes,may,18.0,1721.0,2.0,0.0,nonexistent,93.994,4.856,yes,2024-05-18
2684,51.0,admin.,married,basic.4y,unknown,yes,may,23.0,942.0,3.0,0.0,nonexistent,93.994,4.859,yes,2024-05-23
2697,38.0,blue-collar,married,basic.6y,unknown,yes,may,7.0,476.0,1.0,0.0,nonexistent,93.994,4.859,yes,2024-05-07
2713,41.0,technician,married,high.school,no,yes,may,11.0,832.0,1.0,0.0,nonexistent,93.994,4.859,yes,2024-05-11
2744,27.0,admin.,single,high.school,no,yes,may,2.0,1328.0,1.0,0.0,nonexistent,93.994,4.859,yes,2024-05-02
2755,37.0,blue-collar,married,basic.4y,unknown,yes,may,11.0,1125.0,2.0,0.0,nonexistent,93.994,4.859,yes,2024-05-11
2763,33.0,unemployed,divorced,basic.9y,no,no,may,31.0,1321.0,2.0,0.0,nonexistent,93.994,4.859,yes,2024-05-31
2775,33.0,blue-collar,married,high.school,no,no,may,14.0,858.0,1.0,0.0,nonexistent,93.994,4.859,yes,2024-05-14
2779,35.0,student,married,university.degree,no,yes,may,16.0,629.0,2.0,0.0,nonexistent,93.994,4.859,yes,2024-05-16
2853,40.0,blue-collar,married,high.school,no,no,may,7.0,1028.0,2.0,0.0,nonexistent,93.994,4.859,yes,2024-05-07
2905,40.0,blue-collar,married,basic.6y,no,yes,may,3.0,927.0,1.0,0.0,nonexistent,93.994,4.859,yes,2024-05-03
3047,36.0,technician,married,professional.course,no,no,may,23.0,1423.0,3.0,0.0,nonexistent,93.994,4.859,yes,2024-05-23
3090,35.0,housemaid,married,basic.4y,no,no,may,12.0,646.0,3.0,0.0,nonexistent,93.994,4.86,yes,2024-05-12
3113,32.0,services,married,basic.9y,no,no,may,8.0,746.0,1.0,0.0,nonexistent,93.994,4.86,yes,2024-05-08
3174,42.0,services,divorced,basic.6y,no,yes,may,18.0,1074.0,1.0,0.0,nonexistent,93.994,4.86,yes,2024-05-18
3183,45.0,admin.,married,high.school,no,yes,may,10.0,695.0,1.0,0.0,nonexistent,93.994,4.86,yes,2024-05-10
3203,38.0,services,single,high.school,unknown,no,may,7.0,1257.0,3.0,0.0,nonexistent,93.994,4.86,yes,2024-05-07
3219,39.0,blue-collar,married,basic.9y,no,no,may,12.0,651.0,23.0,0.0,nonexistent,93.994,4.86,yes,2024-05-12
3223,45.0,self-employed,married,basic.6y,unknown,no,may,29.0,734.0,1.0,0.0,nonexistent,93.994,4.86,yes,2024-05-29
3259,49.0,blue-collar,divorced,basic.4y,unknown,no,may,27.0,920.0,2.0,0.0,nonexistent,93.994,4.86,yes,2024-05-27
3264,41.0,blue-collar,married,basic.9y,no,no,may,15.0,500.0,1.0,0.0,nonexistent,93.994,4.86,yes,2024-05-15
3338,30.0,admin.,married,university.degree,no,yes,may,14.0,911.0,2.0,0.0,nonexistent,93.994,4.86,yes,2024-05-14
3381,53.0,technician,married,professional.course,unknown,yes,may,9.0,920.0,2.0,0.0,nonexistent,93.994,4.86,yes,2024-05-09
3384,35.0,technician,married,unknown,unknown,no,may,27.0,1224.0,2.0,0.0,nonexistent,93.994,4.86,yes,2024-05-27
3395,51.0,management,married,university.degree,unknown,no,may,12.0,1156.0,2.0,0.0,nonexistent,93.994,4.86,yes,2024-05-12
3427,33.0,blue-collar,divorced,basic.9y,unknown,no,may,11.0,1867.0,6.0,0.0,nonexistent,93.994,4.86,yes,2024-05-11
3436,44.0,services,married,high.school,unknown,yes,may,10.0,1263.0,2.0,0.0,nonexistent,93.994,4.86,yes,2024-05-10
3453,50.0,blue-collar,married,basic.9y,no,yes,may,27.0,697.0,3.0,0.0,nonexistent,93.994,4.86,yes,2024-05-27
3506,30.0,admin.,single,high.school,no,no,may,1.0,892.0,4.0,0.0,nonexistent,93.994,4.86,yes,2024-05-01
3541,45.0,entrepreneur,married,university.degree,no,yes,may,31.0,515.0,1.0,0.0,nonexistent,93.994,4.859,yes,2024-05-31
3545,35.0,admin.,single,high.school,no,no,may,31.0,813.0,1.0,0.0,nonexistent,93.994,4.859,yes,2024-05-31
3564,29.0,blue-collar,single,high.school,no,yes,may,20.0,803.0,1.0,0.0,nonexistent,93.994,4.859,yes,2024-05-20
3566,44.0,management,single,university.degree,unknown,yes,may,5.0,844.0,1.0,0.0,nonexistent,93.994,4.859,yes,2024-05-05
3570,31.0,blue-collar,married,basic.6y,unknown,unknown,may,19.0,676.0,1.0,0.0,nonexistent,93.994,4.859,yes,2024-05-19
3574,56.0,blue-collar,married,basic.4y,unknown,yes,may,30.0,1252.0,1.0,0.0,nonexistent,93.994,4.859,yes,2024-05-30
3576,45.0,technician,married,university.degree,no,yes,may,26.0,1143.0,3.0,0.0,nonexistent,93.994,4.859,yes,2024-05-26
3608,26.0,blue-collar,single,basic.9y,no,no,may,10.0,688.0,1.0,0.0,nonexistent,93.994,4.859,yes,2024-05-10
3628,40.0,entrepreneur,married,university.degree,no,no,may,14.0,803.0,1.0,0.0,nonexistent,93.994,4.859,yes,2024-05-14
3661,49.0,admin.,divorced,high.school,no,yes,may,20.0,787.0,1.0,0.0,nonexistent,93.994,4.859,yes,2024-05-20
3677,26.0,admin.,single,high.school,no,no,may,9.0,619.0,2.0,0.0,nonexistent,93.994,4.859,yes,2024-05-09
3685,37.0,blue-collar,single,basic.9y,unknown,no,may,31.0,1230.0,3.0,0.0,nonexistent,93.994,4.859,yes,2024-05-31
3693,37.0,admin.,single,high.school,no,yes,may,29.0,912.0,1.0,0.0,nonexistent,93.994,4.859,yes,2024-05-29
3697,38.0,blue-collar,single,university.degree,unknown,no,may,19.0,894.0,1.0,0.0,nonexistent,93.994,4.859,yes,2024-05-19
3734,51.0,services,married,basic.6y,no,no,may,29.0,1340.0,1.0,0.0,nonexistent,93.994,4.859,yes,2024-05-29
3740,46.0,admin.,divorced,university.degree,no,no,may,21.0,897.0,1.0,0.0,nonexistent,93.994,4.859,yes,2024-05-21
3774,35.0,student,single,high.school,no,no,may,17.0,2680.0,1.0,0.0,nonexistent,93.994,4.859,yes,2024-05-17
3854,57.0,services,divorced,high.school,no,yes,may,8.0,1193.0,5.0,0.0,nonexistent,93.994,4.859,yes,2024-05-08
3887,28.0,blue-collar,married,basic.9y,no,no,may,14.0,1064.0,4.0,0.0,nonexistent,93.994,4.859,yes,2024-05-14
3939,47.0,management,married,basic.4y,unknown,no,may,2.0,882.0,1.0,0.0,nonexistent,93.994,4.858,yes,2024-05-02
3979,57.0,technician,married,professional.course,no,yes,may,7.0,483.0,2.0,0.0,nonexistent,93.994,4.858,yes,2024-05-07
3988,45.0,blue-collar,married,unknown,no,yes,may,2.0,943.0,2.0,0.0,nonexistent,93.994,4.858,yes,2024-05-02
4034,48.0,blue-collar,married,basic.9y,no,no,may,14.0,607.0,1.0,0.0,nonexistent,93.994,4.858,yes,2024-05-14
4050,28.0,services,married,high.school,no,no,may,8.0,1022.0,4.0,0.0,nonexistent,93.994,4.858,yes,2024-05-08
4110,38.0,services,married,high.school,no,yes,may,15.0,552.0,3.0,0.0,nonexistent,93.994,4.858,yes,2024-05-15
4152,34.0,blue-collar,married,basic.6y,no,yes,may,11.0,1622.0,2.0,0.0,nonexistent,93.994,4.858,yes,2024-05-11
4164,52.0,services,married,high.school,unknown,yes,may,5.0,967.0,6.0,0.0,nonexistent,93.994,4.858,yes,2024-05-05
4167,52.0,services,divorced,high.school,no,no,may,10.0,579.0,5.0,0.0,nonexistent,93.994,4.858,yes,2024-05-10
4209,33.0,technician,divorced,professional.course,no,no,may,26.0,1218.0,3.0,0.0,nonexistent,93.994,4.858,yes,2024-05-26
4252,32.0,services,single,basic.6y,no,no,may,18.0,1205.0,1.0,0.0,nonexistent,93.994,4.856,yes,2024-05-18
4264,31.0,blue-collar,single,high.school,no,no,may,1.0,1882.0,2.0,0.0,nonexistent,93.994,4.856,yes,2024-05-01
4268,47.0,blue-collar,married,unknown,unknown,no,may,1.0,1334.0,1.0,0.0,nonexistent,93.994,4.856,yes,2024-05-01
4294,53.0,blue-collar,married,basic.4y,unknown,no,may,9.0,182.0,2.0,0.0,nonexistent,93.994,4.856,yes,2024-05-09
4353,35.0,services,single,basic.4y,no,yes,may,14.0,1777.0,1.0,0.0,nonexistent,93.994,4.856,yes,2024-05-14
4479,58.0,retired,married,basic.4y,unknown,no,may,2.0,1045.0,1.0,0.0,nonexistent,93.994,4.856,yes,2024-05-02
4485,39.0,blue-collar,single,basic.9y,no,no,may,15.0,650.0,3.0,0.0,nonexistent,93.994,4.856,yes,2024-05-15
4522,27.0,blue-collar,married,basic.6y,unknown,unknown,may,18.0,1063.0,2.0,0.0,nonexistent,93.994,4.856,yes,2024-05-18
4609,42.0,admin.,married,high.school,no,no,may,25.0,1392.0,2.0,0.0,nonexistent,93.994,4.856,yes,2024-05-25
4623,55.0,technician,married,high.school,no,yes,may,15.0,719.0,1.0,0.0,nonexistent,93.994,4.856,yes,2024-05-15
4635,49.0,housemaid,married,basic.4y,unknown,no,may,28.0,801.0,1.0,0.0,nonexistent,93.994,4.858,yes,2024-05-28
4652,42.0,admin.,single,university.degree,no,yes,may,5.0,938.0,1.0,0.0,nonexistent,93.994,4.858,yes,2024-05-05
4672,45.0,admin.,single,professional.course,no,yes,may,12.0,565.0,1.0,0.0,nonexistent,93.994,4.858,yes,2024-05-12
4677,59.0,retired,married,professional.course,unknown,no,may,12.0,905.0,1.0,0.0,nonexistent,93.994,4.858,yes,2024-05-12
4694,54.0,blue-collar,married,basic.9y,unknown,no,may,28.0,783.0,2.0,0.0,nonexistent,93.994,4.858,yes,2024-05-28
4720,55.0,technician,married,basic.9y,unknown,yes,may,5.0,958.0,2.0,0.0,nonexistent,93.994,4.858,yes,2024-05-05
4737,30.0,admin.,single,university.degree,no,no,may,23.0,819.0,1.0,0.0,nonexistent,93.994,4.858,yes,2024-05-23
4752,35.0,technician,single,university.degree,no,yes,may,10.0,412.0,1.0,0.0,nonexistent,93.994,4.858,yes,2024-05-10
4769,31.0,blue-collar,married,basic.6y,no,no,may,14.0,795.0,1.0,0.0,nonexistent,93.994,4.858,yes,2024-05-14
4793,36.0,admin.,single,professional.course,no,yes,may,23.0,828.0,4.0,0.0,nonexistent,93.994,4.858,yes,2024-05-23
4851,46.0,housemaid,married,basic.4y,no,no,may,2.0,506.0,2.0,0.0,nonexistent,93.994,4.858,yes,2024-05-02
4872,32.0,technician,single,university.degree,unknown,no,may,7.0,857.0,1.0,0.0,nonexistent,93.994,4.858,yes,2024-05-07
4880,25.0,blue-collar,single,basic.4y,no,yes,may,26.0,1681.0,1.0,0.0,nonexistent,93.994,4.858,yes,2024-05-26
4899,45.0,admin.,divorced,university.degree,no,no,may,30.0,681.0,3.0,0.0,nonexistent,93.994,4.858,yes,2024-05-30
4902,56.0,entrepreneur,married,university.degree,no,no,may,17.0,1697.0,2.0,0.0,nonexistent,93.994,4.858,yes,2024-05-17
4904,30.0,admin.,single,high.school,no,no,may,15.0,860.0,2.0,0.0,nonexistent,93.994,4.858,yes,2024-05-15
4982,44.0,blue-collar,divorced,unknown,no,yes,may,11.0,799.0,1.0,0.0,nonexistent,93.994,4.858,yes,2024-05-11
5007,32.0,blue-collar,married,basic.9y,no,no,may,27.0,923.0,3.0,0.0,nonexistent,93.994,4.858,yes,2024-05-27
5027,37.0,services,married,high.school,no,yes,may,25.0,521.0,3.0,0.0,nonexistent,93.994,4.858,yes,2024-05-25
5056,58.0,admin.,divorced,university.degree,no,yes,may,5.0,628.0,2.0,0.0,nonexistent,93.994,4.857,yes,2024-05-05
5073,35.0,services,married,high.school,no,no,may,1.0,1349.0,5.0,0.0,nonexistent,93.994,4.857,yes,2024-05-01
5084,49.0,technician,married,professional.course,no,no,may,2.0,736.0,2.0,0.0,nonexistent,93.994,4.857,yes,2024-05-02
5107,38.0,technician,married,basic.6y,unknown,no,may,9.0,785.0,1.0,0.0,nonexistent,93.994,4.857,yes,2024-05-09
5112,22.0,blue-collar,single,basic.6y,unknown,no,may,31.0,1073.0,1.0,0.0,nonexistent,93.994,4.857,yes,2024-05-31
5162,47.0,blue-collar,married,basic.6y,no,yes,may,22.0,600.0,1.0,0.0,nonexistent,93.994,4.857,yes,2024-05-22
5174,55.0,retired,married,high.school,no,no,may,11.0,924.0,1.0,0.0,nonexistent,93.994,4.857,yes,2024-05-11
5329,50.0,technician,married,high.school,no,yes,may,10.0,893.0,3.0,0.0,nonexistent,93.994,4.857,yes,2024-05-10
5347,32.0,admin.,single,university.degree,no,no,may,21.0,588.0,3.0,0.0,nonexistent,93.994,4.857,yes,2024-05-21
5363,33.0,services,single,high.school,no,no,may,26.0,777.0,2.0,0.0,nonexistent,93.994,4.857,yes,2024-05-26
5384,60.0,retired,married,high.school,unknown,yes,may,12.0,597.0,6.0,0.0,nonexistent,93.994,4.857,yes,2024-05-12
5415,46.0,blue-collar,married,basic.4y,no,yes,may,28.0,1392.0,2.0,0.0,nonexistent,93.994,4.857,yes,2024-05-28
5435,39.0,technician,single,professional.course,no,no,may,27.0,1059.0,5.0,0.0,nonexistent,93.994,4.857,yes,2024-05-27
5442,39.0,services,married,high.school,no,yes,may,21.0,430.0,6.0,0.0,nonexistent,93.994,4.857,yes,2024-05-21
5550,33.0,blue-collar,single,basic.9y,unknown,no,may,31.0,788.0,11.0,0.0,nonexistent,93.994,4.857,yes,2024-05-31
5613,56.0,blue-collar,married,professional.course,no,yes,may,29.0,621.0,4.0,0.0,nonexistent,93.994,4.857,yes,2024-05-29
5619,58.0,admin.,single,university.degree,no,no,may,16.0,543.0,2.0,0.0,nonexistent,93.994,4.857,yes,2024-05-16
5636,44.0,management,single,university.degree,unknown,yes,may,15.0,745.0,4.0,0.0,nonexistent,93.994,4.857,yes,2024-05-15
5638,29.0,student,single,high.school,no,no,may,19.0,630.0,1.0,0.0,nonexistent,93.994,4.857,yes,2024-05-19
5652,41.0,services,married,high.school,unknown,yes,may,31.0,679.0,2.0,0.0,nonexistent,93.994,4.857,yes,2024-05-31
5699,58.0,admin.,single,university.degree,no,no,may,16.0,1234.0,3.0,0.0,nonexistent,93.994,4.857,yes,2024-05-16
5707,43.0,entrepreneur,married,high.school,no,yes,may,10.0,642.0,2.0,0.0,nonexistent,93.994,4.857,yes,2024-05-10
5731,41.0,unemployed,married,basic.9y,unknown,yes,may,6.0,895.0,4.0,0.0,nonexistent,93.994,4.857,yes,2024-05-06
5780,39.0,management,married,university.degree,no,no,may,23.0,431.0,2.0,0.0,nonexistent,93.994,4.857,yes,2024-05-23
5784,25.0,blue-collar,married,high.school,unknown,yes,may,3.0,741.0,6.0,0.0,nonexistent,93.994,4.857,yes,2024-05-03
5818,38.0,self-employed,single,university.degree,no,no,may,17.0,414.0,2.0,0.0,nonexistent,93.994,4.857,yes,2024-05-17
5850,52.0,blue-collar,married,basic.4y,unknown,yes,may,21.0,748.0,3.0,0.0,nonexistent,93.994,4.857,yes,2024-05-21
5852,28.0,entrepreneur,married,basic.9y,no,no,may,25.0,896.0,3.0,0.0,nonexistent,93.994,4.857,yes,2024-05-25
5863,24.0,admin.,married,basic.9y,no,yes,may,24.0,764.0,2.0,0.0,nonexistent,93.994,4.857,yes,2024-05-24
5948,45.0,services,divorced,unknown,no,yes,may,2.0,1063.0,5.0,0.0,nonexistent,93.994,4.857,yes,2024-05-02
5978,42.0,services,married,professional.course,no,yes,may,10.0,1205.0,1.0,0.0,nonexistent,93.994,4.857,yes,2024-05-10
5998,29.0,technician,single,university.degree,no,yes,may,22.0,1051.0,1.0,0.0,nonexistent,93.994,4.857,yes,2024-05-22
6018,34.0,blue-collar,married,basic.9y,no,no,may,18.0,740.0,1.0,0.0,nonexistent,93.994,4.857,yes,2024-05-18
6104,47.0,admin.,married,high.school,no,no,may,26.0,731.0,3.0,0.0,nonexistent,93.994,4.857,yes,2024-05-26
6143,31.0,blue-collar,married,basic.9y,no,no,may,22.0,935.0,1.0,0.0,nonexistent,93.994,4.857,yes,2024-05-22
6164,39.0,management,single,university.degree,no,yes,may,7.0,751.0,1.0,0.0,nonexistent,93.994,4.857,yes,2024-05-07
6213,52.0,management,married,professional.course,no,yes,may,14.0,709.0,1.0,0.0,nonexistent,93.994,4.857,yes,2024-05-14
6280,30.0,self-employed,married,basic.9y,no,no,may,9.0,3094.0,2.0,0.0,nonexistent,93.994,4.857,yes,2024-05-09
6362,45.0,blue-collar,married,basic.6y,unknown,no,may,28.0,858.0,6.0,0.0,nonexistent,93.994,4.857,yes,2024-05-28
6433,52.0,admin.,divorced,university.degree,no,yes,may,21.0,938.0,2.0,0.0,nonexistent,93.994,4.857,yes,2024-05-21
6466,34.0,blue-collar,single,basic.9y,unknown,no,may,23.0,576.0,3.0,0.0,nonexistent,93.994,4.857,yes,2024-05-23
6520,57.0,blue-collar,divorced,basic.9y,no,yes,may,11.0,543.0,2.0,0.0,nonexistent,93.994,4.857,yes,2024-05-11
6531,34.0,blue-collar,married,basic.9y,no,yes,may,30.0,1479.0,4.0,0.0,nonexistent,93.994,4.857,yes,2024-05-30
6585,40.0,admin.,married,university.degree,no,yes,may,18.0,615.0,2.0,0.0,nonexistent,93.994,4.857,yes,2024-05-18
6605,50.0,services,married,basic.4y,unknown,yes,may,7.0,507.0,1.0,0.0,nonexistent,93.994,4.857,yes,2024-05-07
6606,33.0,blue-collar,married,basic.6y,no,no,may,2.0,1183.0,1.0,0.0,nonexistent,93.994,4.857,yes,2024-05-02
6629,25.0,unemployed,single,high.school,unknown,no,may,5.0,694.0,2.0,0.0,nonexistent,93.994,4.857,yes,2024-05-05
6648,54.0,technician,married,professional.course,no,no,may,3.0,796.0,1.0,0.0,nonexistent,93.994,4.857,yes,2024-05-03
6662,33.0,admin.,married,university.degree,no,no,may,4.0,664.0,2.0,0.0,nonexistent,93.994,4.857,yes,2024-05-04
6678,41.0,management,married,basic.6y,no,yes,may,21.0,648.0,1.0,0.0,nonexistent,93.994,4.857,yes,2024-05-21
6695,53.0,technician,married,professional.course,unknown,no,may,19.0,864.0,2.0,0.0,nonexistent,93.994,4.857,yes,2024-05-19
6738,54.0,retired,married,basic.4y,unknown,no,may,31.0,1730.0,1.0,0.0,nonexistent,93.994,4.857,yes,2024-05-31
6762,30.0,management,single,university.degree,no,no,may,5.0,691.0,5.0,0.0,nonexistent,93.994,4.857,yes,2024-05-05
6860,59.0,retired,married,professional.course,no,no,may,2.0,560.0,9.0,0.0,nonexistent,93.994,4.857,yes,2024-05-02
6901,39.0,admin.,married,university.degree,no,yes,may,5.0,543.0,1.0,0.0,nonexistent,93.994,4.86,yes,2024-05-05
6937,40.0,technician,married,basic.9y,unknown,yes,may,1.0,539.0,1.0,0.0,nonexistent,93.994,4.86,yes,2024-05-01
6959,28.0,entrepreneur,married,basic.9y,unknown,yes,may,26.0,733.0,1.0,0.0,nonexistent,93.994,4.86,yes,2024-05-26
6967,38.0,technician,divorced,professional.course,no,yes,may,1.0,1093.0,1.0,0.0,nonexistent,93.994,4.86,yes,2024-05-01
6982,34.0,services,married,high.school,no,no,may,17.0,791.0,2.0,0.0,nonexistent,93.994,4.86,yes,2024-05-17
7009,37.0,unemployed,married,professional.course,unknown,no,may,25.0,746.0,1.0,0.0,nonexistent,93.994,4.86,yes,2024-05-25
7055,31.0,admin.,divorced,high.school,no,no,may,20.0,1207.0,1.0,0.0,nonexistent,93.994,4.86,yes,2024-05-20
7095,31.0,blue-collar,married,basic.9y,no,no,may,31.0,535.0,2.0,0.0,nonexistent,93.994,4.86,yes,2024-05-31
7135,40.0,admin.,single,high.school,no,yes,may,31.0,1047.0,2.0,0.0,nonexistent,93.994,4.86,yes,2024-05-31
7137,37.0,admin.,married,university.degree,no,yes,may,14.0,1059.0,2.0,0.0,nonexistent,93.994,4.86,yes,2024-05-14
7162,36.0,admin.,single,university.degree,no,no,may,29.0,792.0,3.0,0.0,nonexistent,93.994,4.86,yes,2024-05-29
7248,37.0,admin.,single,university.degree,no,yes,may,29.0,900.0,2.0,0.0,nonexistent,93.994,4.86,yes,2024-05-29
7266,42.0,admin.,single,university.degree,unknown,yes,may,9.0,814.0,2.0,0.0,nonexistent,93.994,4.86,yes,2024-05-09
7288,30.0,technician,single,university.degree,unknown,yes,may,12.0,1109.0,3.0,0.0,nonexistent,93.994,4.86,yes,2024-05-12
7289,58.0,retired,married,basic.9y,unknown,yes,may,5.0,828.0,3.0,0.0,nonexistent,93.994,4.86,yes,2024-05-05
7359,34.0,housemaid,divorced,high.school,no,no,may,26.0,553.0,3.0,0.0,nonexistent,93.994,4.864,yes,2024-05-26
7397,40.0,services,married,high.school,no,no,may,14.0,762.0,3.0,0.0,nonexistent,93.994,4.864,yes,2024-05-14
7404,48.0,blue-collar,married,basic.6y,no,yes,may,2.0,290.0,5.0,0.0,nonexistent,93.994,4.864,yes,2024-05-02
7419,30.0,admin.,married,university.degree,no,no,may,18.0,864.0,1.0,0.0,nonexistent,93.994,4.864,yes,2024-05-18
7437,43.0,blue-collar,divorced,basic.4y,unknown,yes,may,17.0,618.0,2.0,0.0,nonexistent,93.994,4.864,yes,2024-05-17
7444,25.0,blue-collar,married,basic.9y,unknown,yes,may,3.0,763.0,1.0,0.0,nonexistent,93.994,4.864,yes,2024-05-03
7445,27.0,admin.,single,high.school,unknown,no,may,7.0,682.0,1.0,0.0,nonexistent,93.994,4.864,yes,2024-05-07
7470,47.0,blue-collar,married,basic.6y,unknown,yes,may,20.0,604.0,2.0,0.0,nonexistent,93.994,4.864,yes,2024-05-20
7475,52.0,services,married,high.school,unknown,unknown,may,28.0,854.0,2.0,0.0,nonexistent,93.994,4.864,yes,2024-05-28
7478,50.0,technician,married,professional.course,no,yes,may,17.0,855.0,2.0,0.0,nonexistent,93.994,4.864,yes,2024-05-17
7486,31.0,services,married,high.school,no,no,may,14.0,1269.0,1.0,0.0,nonexistent,93.994,4.864,yes,2024-05-14
7542,41.0,entrepreneur,married,university.degree,no,yes,may,9.0,691.0,10.0,0.0,nonexistent,93.994,4.864,yes,2024-05-09
7544,56.0,blue-collar,married,basic.4y,unknown,no,may,20.0,1097.0,15.0,0.0,nonexistent,93.994,4.864,yes,2024-05-20
7550,43.0,blue-collar,married,basic.9y,unknown,no,may,8.0,1500.0,2.0,0.0,nonexistent,93.994,4.864,yes,2024-05-08
7555,37.0,blue-collar,married,high.school,no,no,may,1.0,1236.0,2.0,0.0,nonexistent,93.994,4.864,yes,2024-05-01
7571,29.0,technician,married,professional.course,no,no,may,22.0,886.0,3.0,0.0,nonexistent,93.994,4.864,yes,2024-05-22
7613,49.0,blue-collar,married,basic.6y,no,yes,may,11.0,1980.0,2.0,0.0,nonexistent,93.994,4.864,yes,2024-05-11
7620,48.0,technician,single,unknown,no,yes,may,26.0,722.0,3.0,0.0,nonexistent,93.994,4.864,yes,2024-05-26
7652,42.0,services,married,high.school,no,no,may,1.0,984.0,2.0,0.0,nonexistent,93.994,4.864,yes,2024-05-01
7717,32.0,admin.,single,high.school,no,yes,may,4.0,891.0,4.0,0.0,nonexistent,93.994,4.864,yes,2024-05-04
7719,43.0,blue-collar,married,basic.4y,unknown,no,may,19.0,745.0,12.0,0.0,nonexistent,93.994,4.864,yes,2024-05-19
7725,40.0,admin.,divorced,professional.course,no,yes,may,17.0,539.0,12.0,0.0,nonexistent,93.994,4.864,yes,2024-05-17
7727,37.0,unemployed,married,professional.course,no,yes,may,2.0,3631.0,2.0,0.0,nonexistent,93.994,4.864,yes,2024-05-02
7731,31.0,services,single,basic.9y,no,no,may,22.0,1044.0,5.0,0.0,nonexistent,93.994,4.864,yes,2024-05-22
7793,46.0,admin.,married,university.degree,no,yes,jun,23.0,502.0,5.0,0.0,nonexistent,94.465,4.865,yes,2024-06-23
7808,38.0,unemployed,married,basic.6y,no,no,jun,17.0,947.0,4.0,0.0,nonexistent,94.465,4.865,yes,2024-06-17
7814,60.0,management,married,university.degree,no,no,jun,8.0,526.0,2.0,0.0,nonexistent,94.465,4.865,yes,2024-06-08
7817,30.0,services,divorced,basic.9y,no,no,jun,5.0,394.0,1.0,0.0,nonexistent,94.465,4.865,yes,2024-06-05
7819,28.0,services,married,high.school,no,no,jun,16.0,659.0,2.0,0.0,nonexistent,94.465,4.865,yes,2024-06-16
7835,42.0,blue-collar,married,basic.6y,no,yes,jun,3.0,1036.0,1.0,0.0,nonexistent,94.465,4.865,yes,2024-06-03
7881,39.0,services,single,high.school,unknown,yes,jun,29.0,563.0,1.0,0.0,nonexistent,94.465,4.865,yes,2024-06-29
7933,45.0,admin.,married,unknown,no,yes,jun,25.0,1068.0,1.0,0.0,nonexistent,94.465,4.865,yes,2024-06-25
7952,26.0,blue-collar,married,basic.9y,no,no,jun,10.0,230.0,3.0,0.0,nonexistent,94.465,4.865,yes,2024-06-10
7983,33.0,services,single,university.degree,unknown,no,jun,26.0,747.0,2.0,0.0,nonexistent,94.465,4.865,yes,2024-06-26
8014,55.0,technician,married,professional.course,no,yes,jun,1.0,555.0,5.0,0.0,nonexistent,94.465,4.865,yes,2024-06-01
8062,52.0,blue-collar,married,high.school,unknown,no,jun,6.0,777.0,4.0,0.0,nonexistent,94.465,4.865,yes,2024-06-06
8112,35.0,student,single,university.degree,unknown,yes,jun,26.0,444.0,2.0,0.0,nonexistent,94.465,4.865,yes,2024-06-26
8130,59.0,retired,divorced,university.degree,no,no,jun,15.0,605.0,6.0,0.0,nonexistent,94.465,4.865,yes,2024-06-15
8135,39.0,technician,single,professional.course,unknown,no,jun,25.0,432.0,4.0,0.0,nonexistent,94.465,4.865,yes,2024-06-25
8172,26.0,technician,single,university.degree,no,no,jun,25.0,1173.0,3.0,0.0,nonexistent,94.465,4.864,yes,2024-06-25
8180,34.0,blue-collar,married,basic.9y,no,no,jun,2.0,963.0,2.0,0.0,nonexistent,94.465,4.864,yes,2024-06-02
8196,32.0,blue-collar,single,high.school,no,no,jun,26.0,956.0,3.0,0.0,nonexistent,94.465,4.864,yes,2024-06-26
8233,56.0,management,married,basic.9y,no,yes,jun,3.0,941.0,3.0,0.0,nonexistent,94.465,4.864,yes,2024-06-03
8246,48.0,management,married,university.degree,no,yes,jun,28.0,1025.0,7.0,0.0,nonexistent,94.465,4.864,yes,2024-06-28
8276,38.0,admin.,single,university.degree,unknown,yes,jun,16.0,992.0,1.0,0.0,nonexistent,94.465,4.864,yes,2024-06-16
8279,41.0,blue-collar,married,basic.6y,no,yes,jun,22.0,732.0,2.0,0.0,nonexistent,94.465,4.864,yes,2024-06-22
8315,38.0,blue-collar,married,basic.6y,unknown,no,jun,13.0,1045.0,3.0,0.0,nonexistent,94.465,4.864,yes,2024-06-13
8350,24.0,admin.,single,high.school,no,no,jun,19.0,768.0,1.0,0.0,nonexistent,94.465,4.864,yes,2024-06-19
8355,31.0,unemployed,divorced,basic.4y,no,yes,jun,9.0,801.0,1.0,0.0,nonexistent,94.465,4.864,yes,2024-06-09
8360,30.0,blue-collar,married,basic.6y,unknown,yes,jun,16.0,482.0,2.0,0.0,nonexistent,94.465,4.864,yes,2024-06-16
8362,40.0,blue-collar,married,basic.9y,no,no,jun,8.0,2456.0,2.0,0.0,nonexistent,94.465,4.864,yes,2024-06-08
8417,40.0,blue-collar,divorced,basic.9y,unknown,no,jun,13.0,1259.0,6.0,0.0,nonexistent,94.465,4.864,yes,2024-06-13
8435,37.0,admin.,divorced,basic.9y,no,no,jun,8.0,1363.0,7.0,0.0,nonexistent,94.465,4.864,yes,2024-06-08
8489,45.0,technician,married,university.degree,unknown,no,jun,25.0,1336.0,4.0,0.0,nonexistent,94.465,4.864,yes,2024-06-25
8502,52.0,retired,married,basic.4y,no,no,jun,27.0,633.0,1.0,0.0,nonexistent,94.465,4.864,yes,2024-06-27
8514,30.0,student,single,high.school,no,no,jun,12.0,1242.0,1.0,0.0,nonexistent,94.465,4.864,yes,2024-06-12
8528,26.0,unknown,single,high.school,unknown,yes,jun,3.0,524.0,15.0,0.0,nonexistent,94.465,4.864,yes,2024-06-03
8529,39.0,admin.,married,high.school,no,yes,jun,22.0,1141.0,4.0,0.0,nonexistent,94.465,4.864,yes,2024-06-22
8535,38.0,admin.,single,university.degree,no,no,jun,11.0,578.0,1.0,0.0,nonexistent,94.465,4.864,yes,2024-06-11
8542,35.0,admin.,single,high.school,no,no,jun,1.0,984.0,2.0,0.0,nonexistent,94.465,4.864,yes,2024-06-01
8568,34.0,admin.,married,high.school,no,no,jun,30.0,638.0,1.0,0.0,nonexistent,94.465,4.864,yes,2024-06-30
8596,31.0,blue-collar,single,basic.9y,no,no,jun,3.0,767.0,2.0,0.0,nonexistent,94.465,4.864,yes,2024-06-03
8599,38.0,blue-collar,single,high.school,unknown,yes,jun,24.0,936.0,1.0,0.0,nonexistent,94.465,4.864,yes,2024-06-24
8603,32.0,admin.,married,university.degree,no,no,jun,29.0,525.0,2.0,0.0,nonexistent,94.465,4.864,yes,2024-06-29
8607,33.0,unemployed,married,basic.9y,no,no,jun,24.0,563.0,1.0,0.0,nonexistent,94.465,4.864,yes,2024-06-24
8617,40.0,housemaid,divorced,high.school,no,no,jun,24.0,1449.0,6.0,0.0,nonexistent,94.465,4.864,yes,2024-06-24
8621,36.0,blue-collar,married,basic.9y,no,no,jun,19.0,920.0,1.0,0.0,nonexistent,94.465,4.864,yes,2024-06-19
8643,25.0,unknown,single,university.degree,no,no,jun,2.0,2203.0,2.0,0.0,nonexistent,94.465,4.864,yes,2024-06-02
8804,42.0,blue-collar,married,basic.4y,unknown,yes,jun,4.0,812.0,1.0,0.0,nonexistent,94.465,4.866,yes,2024-06-04
8817,52.0,blue-collar,divorced,basic.4y,no,no,jun,6.0,910.0,2.0,0.0,nonexistent,94.465,4.866,yes,2024-06-06
8821,46.0,blue-collar,married,professional.course,no,no,jun,2.0,1446.0,1.0,0.0,nonexistent,94.465,4.866,yes,2024-06-02
8826,49.0,blue-collar,married,basic.9y,unknown,no,jun,29.0,1149.0,2.0,0.0,nonexistent,94.465,4.866,yes,2024-06-29
8866,28.0,technician,single,professional.course,no,no,jun,1.0,508.0,2.0,0.0,nonexistent,94.465,4.866,yes,2024-06-01
8883,31.0,blue-collar,single,basic.4y,no,no,jun,1.0,590.0,3.0,0.0,nonexistent,94.465,4.866,yes,2024-06-01
8897,41.0,management,married,unknown,unknown,no,jun,18.0,636.0,1.0,0.0,nonexistent,94.465,4.866,yes,2024-06-18
8906,59.0,unknown,married,unknown,unknown,no,jun,29.0,701.0,1.0,0.0,nonexistent,94.465,4.866,yes,2024-06-29
8912,34.0,blue-collar,married,basic.9y,no,no,jun,16.0,761.0,2.0,0.0,nonexistent,94.465,4.866,yes,2024-06-16
8913,39.0,entrepreneur,single,basic.6y,no,no,jun,3.0,1053.0,2.0,0.0,nonexistent,94.465,4.866,yes,2024-06-03
8958,31.0,technician,married,university.degree,no,no,jun,9.0,983.0,2.0,0.0,nonexistent,94.465,4.866,yes,2024-06-09
8977,31.0,technician,single,university.degree,unknown,yes,jun,17.0,817.0,2.0,0.0,nonexistent,94.465,4.866,yes,2024-06-17
9003,29.0,services,single,high.school,no,yes,jun,10.0,1018.0,3.0,0.0,nonexistent,94.465,4.866,yes,2024-06-10
9028,34.0,blue-collar,divorced,professional.course,no,no,jun,5.0,884.0,4.0,0.0,nonexistent,94.465,4.866,yes,2024-06-05
9101,39.0,services,married,high.school,no,yes,jun,4.0,554.0,1.0,0.0,nonexistent,94.465,4.967,yes,2024-06-04
9149,56.0,blue-collar,married,basic.4y,unknown,no,jun,5.0,1276.0,2.0,0.0,nonexistent,94.465,4.967,yes,2024-06-05
9157,52.0,self-employed,married,basic.4y,unknown,no,jun,24.0,381.0,2.0,0.0,nonexistent,94.465,4.967,yes,2024-06-24
9196,33.0,blue-collar,married,professional.course,no,yes,jun,7.0,862.0,11.0,0.0,nonexistent,94.465,4.967,yes,2024-06-07
9203,38.0,admin.,married,university.degree,no,no,jun,8.0,460.0,4.0,0.0,nonexistent,94.465,4.967,yes,2024-06-08
9204,35.0,management,single,unknown,no,no,jun,14.0,712.0,2.0,0.0,nonexistent,94.465,4.967,yes,2024-06-14
9215,32.0,blue-collar,married,basic.6y,no,no,jun,10.0,642.0,2.0,0.0,nonexistent,94.465,4.967,yes,2024-06-10
9239,40.0,blue-collar,married,professional.course,unknown,no,jun,6.0,554.0,2.0,0.0,nonexistent,94.465,4.967,yes,2024-06-06
9256,48.0,self-employed,married,university.degree,no,no,jun,9.0,467.0,3.0,0.0,nonexistent,94.465,4.967,yes,2024-06-09
9276,47.0,admin.,divorced,university.degree,no,yes,jun,12.0,2653.0,3.0,0.0,nonexistent,94.465,4.967,yes,2024-06-12
9338,41.0,blue-collar,married,basic.9y,no,no,jun,7.0,1085.0,1.0,0.0,nonexistent,94.465,4.967,yes,2024-06-07
9432,55.0,admin.,married,basic.4y,unknown,no,jun,21.0,1469.0,9.0,0.0,nonexistent,94.465,4.967,yes,2024-06-21
9447,40.0,services,divorced,high.school,no,yes,jun,19.0,685.0,3.0,0.0,nonexistent,94.465,4.967,yes,2024-06-19
9524,29.0,admin.,single,university.degree,no,no,jun,16.0,1055.0,10.0,0.0,nonexistent,94.465,4.961,yes,2024-06-16
9547,30.0,blue-collar,single,basic.4y,unknown,no,jun,18.0,882.0,1.0,0.0,nonexistent,94.465,4.961,yes,2024-06-18
9572,26.0,student,single,high.school,no,no,jun,2.0,901.0,1.0,0.0,nonexistent,94.465,4.961,yes,2024-06-02
9585,24.0,services,single,high.school,no,no,jun,17.0,700.0,1.0,0.0,nonexistent,94.465,4.961,yes,2024-06-17
9636,34.0,admin.,married,high.school,no,yes,jun,2.0,491.0,6.0,0.0,nonexistent,94.465,4.961,yes,2024-06-02
9650,36.0,technician,married,high.school,no,no,jun,18.0,940.0,1.0,0.0,nonexistent,94.465,4.961,yes,2024-06-18
9705,38.0,technician,married,professional.course,no,yes,jun,19.0,952.0,2.0,0.0,nonexistent,94.465,4.961,yes,2024-06-19
9708,27.0,entrepreneur,single,university.degree,no,yes,jun,24.0,486.0,3.0,0.0,nonexistent,94.465,4.961,yes,2024-06-24
9733,42.0,technician,married,basic.9y,no,yes,jun,2.0,442.0,8.0,0.0,nonexistent,94.465,4.961,yes,2024-06-02
9741,32.0,services,married,high.school,unknown,no,jun,19.0,1137.0,3.0,0.0,nonexistent,94.465,4.961,yes,2024-06-19
9792,36.0,unknown,single,basic.6y,unknown,no,jun,5.0,878.0,3.0,0.0,nonexistent,94.465,4.959,yes,2024-06-05
9796,29.0,admin.,married,professional.course,no,yes,jun,1.0,583.0,4.0,0.0,nonexistent,94.465,4.959,yes,2024-06-01
9811,34.0,management,married,university.degree,no,no,jun,27.0,893.0,8.0,0.0,nonexistent,94.465,4.959,yes,2024-06-27
9840,37.0,admin.,married,university.degree,no,no,jun,9.0,867.0,1.0,0.0,nonexistent,94.465,4.959,yes,2024-06-09
9841,30.0,self-employed,single,university.degree,no,no,jun,10.0,587.0,1.0,0.0,nonexistent,94.465,4.959,yes,2024-06-10
9852,53.0,blue-collar,divorced,basic.4y,no,no,jun,10.0,706.0,1.0,0.0,nonexistent,94.465,4.959,yes,2024-06-10
9893,32.0,admin.,single,high.school,no,yes,jun,21.0,1199.0,1.0,0.0,nonexistent,94.465,4.959,yes,2024-06-21
9901,43.0,entrepreneur,married,university.degree,unknown,no,jun,17.0,935.0,1.0,0.0,nonexistent,94.465,4.959,yes,2024-06-17
9904,50.0,blue-collar,married,basic.6y,unknown,no,jun,16.0,586.0,1.0,0.0,nonexistent,94.465,4.959,yes,2024-06-16
9907,31.0,blue-collar,married,basic.9y,no,yes,jun,21.0,838.0,2.0,0.0,nonexistent,94.465,4.959,yes,2024-06-21
9911,48.0,admin.,divorced,high.school,no,yes,jun,24.0,967.0,2.0,0.0,nonexistent,94.465,4.959,yes,2024-06-24
9914,57.0,blue-collar,married,unknown,unknown,no,jun,6.0,651.0,2.0,0.0,nonexistent,94.465,4.959,yes,2024-06-06
9998,41.0,technician,married,professional.course,unknown,yes,jun,3.0,649.0,3.0,0.0,nonexistent,94.465,4.959,yes,2024-06-03
10034,36.0,blue-collar,married,basic.6y,no,yes,jun,14.0,614.0,2.0,0.0,nonexistent,94.465,4.958,yes,2024-06-14
10049,55.0,technician,divorced,professional.course,unknown,no,jun,9.0,885.0,1.0,0.0,nonexistent,94.465,4.958,yes,2024-06-09
10061,54.0,blue-collar,married,basic.6y,unknown,no,jun,3.0,2025.0,1.0,0.0,nonexistent,94.465,4.958,yes,2024-06-03
10076,28.0,management,single,university.degree,no,no,jun,18.0,651.0,5.0,0.0,nonexistent,94.465,4.958,yes,2024-06-18
10124,46.0,technician,married,university.degree,unknown,no,jun,13.0,993.0,6.0,0.0,nonexistent,94.465,4.958,yes,2024-06-13
10134,35.0,blue-collar,married,high.school,no,no,jun,19.0,992.0,2.0,0.0,nonexistent,94.465,4.958,yes,2024-06-19
10144,49.0,blue-collar,married,basic.4y,no,no,jun,26.0,577.0,2.0,0.0,nonexistent,94.465,4.958,yes,2024-06-26
10157,43.0,entrepreneur,married,high.school,no,no,jun,11.0,1141.0,6.0,0.0,nonexistent,94.465,4.958,yes,2024-06-11
10158,59.0,entrepreneur,divorced,high.school,unknown,yes,jun,21.0,1268.0,2.0,0.0,nonexistent,94.465,4.958,yes,2024-06-21
10162,44.0,admin.,single,university.degree,no,yes,jun,13.0,541.0,17.0,0.0,nonexistent,94.465,4.958,yes,2024-06-13
10171,43.0,blue-collar,married,basic.4y,no,unknown,jun,10.0,1618.0,2.0,0.0,nonexistent,94.465,4.958,yes,2024-06-10
10184,25.0,admin.,single,high.school,no,yes,jun,30.0,1243.0,7.0,0.0,nonexistent,94.465,4.958,yes,2024-06-30
10227,35.0,entrepreneur,married,university.degree,no,no,jun,18.0,513.0,2.0,0.0,nonexistent,94.465,4.96,yes,2024-06-18
10239,41.0,admin.,divorced,high.school,no,no,jun,26.0,686.0,11.0,0.0,nonexistent,94.465,4.96,yes,2024-06-26
10247,50.0,housemaid,single,unknown,no,no,jun,16.0,741.0,4.0,0.0,nonexistent,94.465,4.96,yes,2024-06-16
10254,37.0,management,married,university.degree,no,no,jun,28.0,1323.0,9.0,0.0,nonexistent,94.465,4.96,yes,2024-06-28
10297,36.0,technician,married,university.degree,no,no,jun,23.0,1093.0,1.0,0.0,nonexistent,94.465,4.96,yes,2024-06-23
10299,43.0,blue-collar,married,basic.9y,unknown,yes,jun,9.0,1395.0,2.0,0.0,nonexistent,94.465,4.96,yes,2024-06-09
10332,43.0,self-employed,married,basic.9y,no,no,jun,19.0,1089.0,1.0,0.0,nonexistent,94.465,4.96,yes,2024-06-19
10353,31.0,entrepreneur,single,basic.9y,no,no,jun,26.0,1248.0,3.0,0.0,nonexistent,94.465,4.96,yes,2024-06-26
10402,39.0,management,married,university.degree,no,no,jun,5.0,721.0,3.0,0.0,nonexistent,94.465,4.96,yes,2024-06-05
10418,31.0,blue-collar,single,high.school,no,yes,jun,18.0,750.0,2.0,0.0,nonexistent,94.465,4.96,yes,2024-06-18
10456,47.0,blue-collar,married,basic.4y,no,yes,jun,23.0,2769.0,4.0,0.0,nonexistent,94.465,4.96,yes,2024-06-23
10544,38.0,admin.,single,university.degree,unknown,no,jun,17.0,556.0,1.0,0.0,nonexistent,94.465,4.961,yes,2024-06-17
10635,51.0,blue-collar,married,basic.4y,unknown,no,jun,2.0,781.0,1.0,0.0,nonexistent,94.465,4.961,yes,2024-06-02
10659,28.0,entrepreneur,married,basic.9y,no,yes,jun,15.0,1848.0,1.0,0.0,nonexistent,94.465,4.961,yes,2024-06-15
10661,37.0,management,married,university.degree,no,no,jun,12.0,490.0,4.0,0.0,nonexistent,94.465,4.961,yes,2024-06-12
10663,31.0,blue-collar,married,basic.9y,unknown,yes,jun,30.0,1051.0,3.0,0.0,nonexistent,94.465,4.961,yes,2024-06-30
10676,33.0,services,married,high.school,unknown,yes,jun,27.0,1345.0,3.0,0.0,nonexistent,94.465,4.961,yes,2024-06-27
10685,52.0,blue-collar,divorced,high.school,no,no,jun,2.0,676.0,2.0,0.0,nonexistent,94.465,4.961,yes,2024-06-02
10704,30.0,entrepreneur,married,professional.course,no,yes,jun,1.0,775.0,3.0,0.0,nonexistent,94.465,4.961,yes,2024-06-01
10707,30.0,self-employed,single,university.degree,no,yes,jun,1.0,2621.0,3.0,0.0,nonexistent,94.465,4.961,yes,2024-06-01
10835,36.0,blue-collar,single,high.school,no,yes,jun,2.0,835.0,1.0,0.0,nonexistent,94.465,4.962,yes,2024-06-02
10848,31.0,technician,married,professional.course,no,no,jun,22.0,371.0,2.0,0.0,nonexistent,94.465,4.962,yes,2024-06-22
10865,35.0,technician,married,professional.course,no,no,jun,24.0,1528.0,2.0,0.0,nonexistent,94.465,4.962,yes,2024-06-24
10907,43.0,blue-collar,married,basic.6y,no,yes,jun,15.0,1540.0,1.0,0.0,nonexistent,94.465,4.962,yes,2024-06-15
10916,29.0,management,married,university.degree,no,no,jun,28.0,973.0,1.0,0.0,nonexistent,94.465,4.962,yes,2024-06-28
10936,24.0,blue-collar,single,basic.4y,no,no,jun,20.0,537.0,1.0,0.0,nonexistent,94.465,4.962,yes,2024-06-20
10977,41.0,services,married,high.school,no,unknown,jun,15.0,707.0,1.0,0.0,nonexistent,94.465,4.962,yes,2024-06-15
10979,28.0,management,married,university.degree,no,yes,jun,1.0,695.0,1.0,0.0,nonexistent,94.465,4.962,yes,2024-06-01
10981,41.0,technician,single,professional.course,no,yes,jun,1.0,1255.0,1.0,0.0,nonexistent,94.465,4.962,yes,2024-06-01
11012,59.0,retired,married,basic.9y,no,yes,jun,7.0,2093.0,1.0,0.0,nonexistent,94.465,4.962,yes,2024-06-07
11016,31.0,blue-collar,married,basic.9y,no,yes,jun,1.0,704.0,4.0,0.0,nonexistent,94.465,4.962,yes,2024-06-01
11020,38.0,management,married,unknown,unknown,no,jun,4.0,1066.0,9.0,0.0,nonexistent,94.465,4.962,yes,2024-06-04
11046,28.0,management,married,university.degree,no,no,jun,19.0,771.0,2.0,0.0,nonexistent,94.465,4.962,yes,2024-06-19
11070,28.0,blue-collar,married,basic.6y,no,no,jun,5.0,1060.0,5.0,0.0,nonexistent,94.465,4.962,yes,2024-06-05
11081,60.0,admin.,married,university.degree,no,no,jun,11.0,1574.0,3.0,0.0,nonexistent,94.465,4.962,yes,2024-06-11
11100,35.0,student,single,university.degree,unknown,no,jun,22.0,618.0,1.0,0.0,nonexistent,94.465,4.961,yes,2024-06-22
11123,47.0,admin.,divorced,high.school,no,yes,jun,1.0,1224.0,1.0,0.0,nonexistent,94.465,4.961,yes,2024-06-01
11172,41.0,blue-collar,married,basic.9y,unknown,yes,jun,1.0,512.0,1.0,0.0,nonexistent,94.465,4.961,yes,2024-06-01
11230,29.0,blue-collar,single,high.school,no,yes,jun,5.0,1318.0,3.0,0.0,nonexistent,94.465,4.961,yes,2024-06-05
11233,38.0,blue-collar,married,basic.6y,unknown,no,jun,11.0,922.0,2.0,0.0,nonexistent,94.465,4.961,yes,2024-06-11
11244,38.0,admin.,married,high.school,no,yes,jun,7.0,2028.0,1.0,0.0,nonexistent,94.465,4.961,yes,2024-06-07
11255,31.0,admin.,married,high.school,no,no,jun,15.0,952.0,4.0,0.0,nonexistent,94.465,4.961,yes,2024-06-15
11274,55.0,blue-collar,married,basic.4y,unknown,yes,jun,3.0,1136.0,1.0,0.0,nonexistent,94.465,4.961,yes,2024-06-03
11317,42.0,housemaid,married,basic.4y,no,no,jun,20.0,500.0,2.0,0.0,nonexistent,94.465,4.961,yes,2024-06-20
11345,47.0,services,single,basic.9y,no,unknown,jun,8.0,835.0,3.0,0.0,nonexistent,94.465,4.961,yes,2024-06-08
11346,37.0,technician,married,professional.course,no,yes,jun,7.0,683.0,2.0,0.0,nonexistent,94.465,4.961,yes,2024-06-07
11348,55.0,retired,married,university.degree,unknown,yes,jun,15.0,1012.0,1.0,0.0,nonexistent,94.465,4.961,yes,2024-06-15
11417,45.0,admin.,married,basic.9y,unknown,no,jun,11.0,973.0,2.0,0.0,nonexistent,94.465,4.959,yes,2024-06-11
11444,46.0,admin.,married,basic.9y,unknown,yes,jun,3.0,856.0,3.0,0.0,nonexistent,94.465,4.959,yes,2024-06-03
11449,45.0,blue-collar,married,basic.9y,unknown,no,jun,27.0,1210.0,1.0,0.0,nonexistent,94.465,4.959,yes,2024-06-27
11450,40.0,self-employed,married,professional.course,no,yes,jun,5.0,716.0,2.0,0.0,nonexistent,94.465,4.959,yes,2024-06-05
11471,49.0,blue-collar,married,basic.4y,unknown,no,jun,8.0,838.0,1.0,0.0,nonexistent,94.465,4.959,yes,2024-06-08
11492,42.0,blue-collar,married,basic.6y,unknown,no,jun,16.0,1098.0,2.0,0.0,nonexistent,94.465,4.959,yes,2024-06-16
11529,29.0,technician,single,university.degree,no,yes,jun,5.0,1149.0,2.0,0.0,nonexistent,94.465,4.959,yes,2024-06-05
11532,31.0,blue-collar,married,basic.6y,no,no,jun,14.0,1573.0,5.0,0.0,nonexistent,94.465,4.959,yes,2024-06-14
11535,50.0,technician,married,professional.course,unknown,yes,jun,21.0,705.0,7.0,0.0,nonexistent,94.465,4.959,yes,2024-06-21
11549,37.0,blue-collar,married,basic.4y,unknown,no,jun,10.0,1663.0,1.0,0.0,nonexistent,94.465,4.959,yes,2024-06-10
11552,36.0,blue-collar,married,basic.9y,no,yes,jun,17.0,560.0,3.0,0.0,nonexistent,94.465,4.959,yes,2024-06-17
11556,29.0,technician,married,professional.course,no,yes,jun,21.0,1617.0,1.0,0.0,nonexistent,94.465,4.959,yes,2024-06-21
11567,58.0,blue-collar,married,basic.4y,unknown,yes,jun,20.0,570.0,2.0,0.0,nonexistent,94.465,4.959,yes,2024-06-20
11575,43.0,admin.,married,high.school,no,no,jun,7.0,1422.0,10.0,0.0,nonexistent,94.465,4.959,yes,2024-06-07
11690,43.0,admin.,married,university.degree,no,no,jun,26.0,1023.0,3.0,0.0,nonexistent,94.465,4.959,yes,2024-06-26
